{
  "name": "minecraft:ancient_city/city/enterance_pillar",
  "fallback": "minecraft:empty",
  "elements": [
    {
      "weight": 1,
      "element": {
        "location": "minecraft:ancient_city/city/entrance/entrance_pillar_1",
        "processors": "minecraft:ancient_city_generic_degradation",
        "projection": "rigid",
        "element_type": "minecraft:single_pool_element"
      }
    },
    {
      "weight": 1,
      "element": {
        "location": "minecraft:ancient_city/city/entrance/entrance_pillar_2",
        "processors": "minecraft:ancient_city_generic_degradation",
        "projection": "rigid",
        "element_type": "minecraft:single_pool_element"
      }
    },
    {
      "weight": 1,
      "element": {
        "location": "minecraft:ancient_city/city/entrance/entrance_pillar_3",
        "processors": "minecraft:ancient_city_generic_degradation",
        "projection": "rigid",
        "element_type": "minecraft:single_pool_element"
      }
    },
    {
      "weight": 1,
      "element": {
        "location": "minecraft:ancient_city/city/entrance/entrance_pillar_4",
        "processors": "minecraft:ancient_city_generic_degradation",
        "projection": "rigid",
        "element_type": "minecraft:single_pool_element"
      }
    },
    {
      "weight": 1,
      "element": {
        "location": "minecraft:ancient_city/city/entrance/entrance_pillar_5",
        "processors": "minecraft:ancient_city_generic_degradation",
        "projection": "rigid",
        "element_type": "minecraft:single_pool_element"
      }
    }
  ]
}