{
  "type": "minecraft:chest",
  "pools": [
    {
      "bonus_rolls": 0.0,
      "rolls": 1,
      "entries": [
        {
          "type": "minecraft:item",
          "functions": [
            {
              "function": "set_damage",
              "damage": {
                "min": 0.05,
                "max": 0.4
              }
            }
          ],
          "name": "minecraft:crossbow",
          "weight": 15
        },
        {
          "type": "minecraft:item",
          "name": "minecraft:goat_horn"
        }
      ],
      "functions": [
        {
          "function": "minecraft:set_instrument",
          "options": "#minecraft:regular_goat_horns"
        }
      ]
    },
    {
      "bonus_rolls": 0.0,
      "rolls": 2,
      "entries": [
        {
          "type": "minecraft:item",
          "weight": 10,
          "functions": [
            {
              "function": "minecraft:set_count",
              "count": {
                "type": "minecraft:uniform",
                "min": 2.0,
                "max": 6.0
              },
              "add": false
            }
          ],
          "name": "minecraft:iron_ingot"
        },
        {
          "type": "minecraft:item",
          "weight": 10,
          "functions": [
            {
              "function": "minecraft:set_count",
              "count": {
                "type": "minecraft:uniform",
                "min": 2.0,
                "max": 5.0
              },
              "add": false
            }
          ],
          "name": "minecraft:gold_ingot"
        },
        {
          "type": "minecraft:item",
          "weight": 10,
          "functions": [
            {
              "function": "minecraft:set_count",
              "count": {
                "type": "minecraft:uniform",
                "min": 1.0,
                "max": 3.0
              },
              "add": false
            }
          ],
          "name": "minecraft:emerald"
        },
        {
          "type": "minecraft:item",
          "weight": 10,
          "functions": [
            {
              "function": "minecraft:set_count",
              "count": {
                "type": "minecraft:uniform",
                "min": 1,
                "max": 2
              },
              "add": false
            }
          ],
          "name": "minecraft:apple"
        },
        {
          "type": "minecraft:item",
          "weight": 5,
          "name": "minecraft:golden_apple"
        },
        {
          "type": "minecraft:item",
          "weight": 10,
          "functions": [
            {
              "function": "minecraft:set_count",
              "count": {
                "type": "minecraft:uniform",
                "min": 2.0,
                "max": 5.0
              },
              "add": false
            }
          ],
          "name": "minecraft:lapis_lazuli"
        },
        {
          "type": "minecraft:item",
          "weight": 10,
          "functions": [
            {
              "function": "minecraft:set_count",
              "count": {
                "type": "minecraft:uniform",
                "min": 3.0,
                "max": 5.0
              },
              "add": false
            }
          ],
          "name": "minecraft:coal"
        },
        {
          "type": "minecraft:item",
          "weight": 1,
          "name": "minecraft:diamond"
        },
        {
          "type": "minecraft:item",
          "weight": 5,
          "functions": [
            {
              "function": "minecraft:set_count",
              "count": {
                "type": "minecraft:uniform",
                "min": 1.0,
                "max": 2.0
              },
              "add": false
            }
          ],
          "name": "minecraft:amethyst_shard"
        },
        {
          "type": "minecraft:item",
          "weight": 5,
          "functions": [
            {
              "function": "minecraft:set_count",
              "count": {
                "type": "minecraft:uniform",
                "min": 1.0,
                "max": 3.0
              },
              "add": false
            }
          ],
          "name": "minecraft:gold_nugget"
        },
        {
          "type": "minecraft:item",
          "weight": 5,
          "functions": [
            {
              "function": "minecraft:set_count",
              "count": {
                "type": "minecraft:uniform",
                "min": 1.0,
                "max": 3.0
              },
              "add": false
            }
          ],
          "name": "minecraft:iron_nugget"
        }
      ]
    },
    {
      "rolls": 1,
      "bonus_rolls": 0.0,
      "entries": [
        {
          "type": "minecraft:empty",
          "weight": 40
        },
        {
          "type": "item",
          "name": "minecraft:sentry_armor_trim_smithing_template"
        },
        {
          "type": "minecraft:item",
          "functions": [
            {
              "options": "#nova_structures:structure/illager_outpost",
              "function": "minecraft:enchant_with_levels",
              "levels": 20
            }
          ],
          "name": "minecraft:book"
        }
      ]
    },
    {
      "bonus_rolls": 0.0,
      "rolls": 1,
      "entries": [
        {
          "type": "minecraft:item",
          "functions": [
            {
              "function": "minecraft:exploration_map",
              "decoration": "mansion",
              "destination": "minecraft:village",
              "zoom": 1,
              "skip_existing_chunks": false
            },
            {
              "function": "minecraft:set_name",
              "name": "Village Map"
            }
          ],
          "name": "minecraft:map",
          "weight": 5
        },
        {
          "type": "minecraft:item",
          "functions": [
            {
              "function": "minecraft:exploration_map",
              "decoration": "mansion",
              "destination": "nova_structures:witch_villa",
              "zoom": 4,
              "skip_existing_chunks": false
            },
            {
              "function": "minecraft:set_name",
              "name": "Witch Villa Map"
            }
          ],
          "name": "minecraft:map",
          "weight": 2
        },
        {
          "type": "minecraft:item",
          "functions": [
            {
              "function": "minecraft:exploration_map",
              "decoration": "mansion",
              "destination": "nova_structures:badlands_miner_outpost",
              "zoom": 4,
              "skip_existing_chunks": false
            },
            {
              "function": "minecraft:set_name",
              "name": "Badlands Miner Outpost Map"
            }
          ],
          "name": "minecraft:map",
          "weight": 2
        },
        {
          "type": "minecraft:item",
          "functions": [
            {
              "function": "minecraft:exploration_map",
              "decoration": "mansion",
              "destination": "nova_structures:illager_hideout",
              "zoom": 4,
              "skip_existing_chunks": false
            },
            {
              "function": "minecraft:set_name",
              "name": "Illager Hideout Map"
            }
          ],
          "name": "minecraft:map"
        },
        {
          "type": "minecraft:item",
          "functions": [
            {
              "function": "minecraft:exploration_map",
              "decoration": "mansion",
              "destination": "minecraft:on_woodland_explorer_maps",
              "zoom": 4,
              "skip_existing_chunks": true
            },
            {
              "function": "minecraft:set_name",
              "name": {
                "translate": "filled_map.mansion"
              }
            }
          ],
          "name": "minecraft:map"
        }
      ]
    }
  ],
  "functions": [
    {
      "function": "minecraft:reference",
      "name": "nova_structures:loot_modifier"
    }
  ]
}