{
  "name": "minecraft:ancient_city/city_center",
  "fallback": "minecraft:empty",
  "elements": [
    {
      "weight": 1,
      "element": {
        "location": "minecraft:ancient_city/city_center/city_center_1",
        "processors": "minecraft:ancient_city_start_degradation",
        "projection": "rigid",
        "element_type": "minecraft:single_pool_element"
      }
    },
    {
      "weight": 1,
      "element": {
        "location": "minecraft:ancient_city/city_center/city_center_2",
        "processors": "minecraft:ancient_city_start_degradation",
        "projection": "rigid",
        "element_type": "minecraft:single_pool_element"
      }
    },
    {
      "weight": 1,
      "element": {
        "location": "minecraft:ancient_city/city_center/city_center_3",
        "processors": "minecraft:ancient_city_start_degradation",
        "projection": "rigid",
        "element_type": "minecraft:single_pool_element"
      }
    }
  ]
}