{
  "name": "minecraft:ancient_city/structures",
  "fallback": "minecraft:empty",
  "elements": [
    {
      "weight": 4,
      "element": {
        "location": "minecraft:ancient_city/structures/amethyst_box_1",
        "processors": "minecraft:ancient_city_generic_degradation",
        "projection": "rigid",
        "element_type": "minecraft:single_pool_element"
      }
    },
	{
      "weight": 4,
      "element": {
        "location": "minecraft:ancient_city/structures/amethyst_box_2",
        "processors": "minecraft:ancient_city_generic_degradation",
        "projection": "rigid",
        "element_type": "minecraft:single_pool_element"
      }
    },
	{
      "weight": 5,
      "element": {
        "location": "minecraft:ancient_city/structures/ancient_city_bathhouse_1",
        "processors": "minecraft:ancient_city_generic_degradation",
        "projection": "rigid",
        "element_type": "minecraft:single_pool_element"
      }
    },
	{
      "weight": 5,
      "element": {
        "location": "minecraft:ancient_city/structures/ancient_city_baracks_temple_1",
        "processors": "minecraft:ancient_city_generic_degradation",
        "projection": "rigid",
        "element_type": "minecraft:single_pool_element"
      }
    },
	{
      "weight": 5,
      "element": {
        "location": "minecraft:ancient_city/structures/ancient_city_house_1",
        "processors": "minecraft:ancient_city_generic_degradation",
        "projection": "rigid",
        "element_type": "minecraft:single_pool_element"
      }
    },
	{
      "weight": 5,
      "element": {
        "location": "minecraft:ancient_city/structures/ancient_city_residence_a_1",
        "processors": "minecraft:ancient_city_generic_degradation_small",
        "projection": "rigid",
        "element_type": "minecraft:single_pool_element"
      }
    },
	{
      "weight": 5,
      "element": {
        "location": "minecraft:ancient_city/structures/ancient_city_residence_b_1",
        "processors": "minecraft:ancient_city_generic_degradation_small",
        "projection": "rigid",
        "element_type": "minecraft:single_pool_element"
      }
    },
	{
      "weight": 5,
      "element": {
        "location": "minecraft:ancient_city/structures/ancient_city_shrine_temple_1",
        "processors": "minecraft:ancient_city_generic_degradation_small",
        "projection": "rigid",
        "element_type": "minecraft:single_pool_element"
      }
    },
	{
      "weight": 5,
      "element": {
        "location": "minecraft:ancient_city/structures/ancient_city_silence_temple_1",
        "processors": "minecraft:ancient_city_generic_degradation_small",
        "projection": "rigid",
        "element_type": "minecraft:single_pool_element"
      }
    },
	{
      "weight": 5,
      "element": {
        "location": "minecraft:ancient_city/structures/ancient_city_small_residence_a_1",
        "processors": "minecraft:ancient_city_generic_degradation_small",
        "projection": "rigid",
        "element_type": "minecraft:single_pool_element"
      }
    },
	{
      "weight": 5,
      "element": {
        "location": "minecraft:ancient_city/structures/ancient_city_small_residence_b_1",
        "processors": "minecraft:ancient_city_generic_degradation_small",
        "projection": "rigid",
        "element_type": "minecraft:single_pool_element"
      }
    },
	{
      "weight": 5,
      "element": {
        "location": "minecraft:ancient_city/structures/ancient_city_small_residence_c_1",
        "processors": "minecraft:ancient_city_generic_degradation_small",
        "projection": "rigid",
        "element_type": "minecraft:single_pool_element"
      }
    },
	{
      "weight": 5,
      "element": {
        "location": "minecraft:ancient_city/structures/ancient_city_spiral_temple_1",
        "processors": "minecraft:ancient_city_generic_degradation_small",
        "projection": "rigid",
        "element_type": "minecraft:single_pool_element"
      }
    },
	{
      "weight": 5,
      "element": {
        "location": "minecraft:ancient_city/structures/ancient_city_temple_copper_bulb_1",
        "processors": "minecraft:ancient_city_generic_degradation",
        "projection": "rigid",
        "element_type": "minecraft:single_pool_element"
      }
    },
	{
      "weight": 5,
      "element": {
        "location": "minecraft:ancient_city/structures/ancient_city_small_pillars_1",
        "processors": "minecraft:ancient_city_generic_degradation_small",
        "projection": "rigid",
        "element_type": "minecraft:single_pool_element"
      }
    },
	{
      "weight": 7,
      "element": {
        "location": "minecraft:ancient_city/structures/ancient_city_bathhouse_2",
        "processors": "minecraft:ancient_city_generic_degradation",
        "projection": "rigid",
        "element_type": "minecraft:single_pool_element"
      }
    },
	{
      "weight": 7,
      "element": {
        "location": "minecraft:ancient_city/structures/ancient_city_baracks_temple_2",
        "processors": "minecraft:ancient_city_generic_degradation",
        "projection": "rigid",
        "element_type": "minecraft:single_pool_element"
      }
    },
	{
      "weight": 7,
      "element": {
        "location": "minecraft:ancient_city/structures/ancient_city_house_2",
        "processors": "minecraft:ancient_city_generic_degradation",
        "projection": "rigid",
        "element_type": "minecraft:single_pool_element"
      }
    },
	{
      "weight": 7,
      "element": {
        "location": "minecraft:ancient_city/structures/ancient_city_residence_a_2",
        "processors": "minecraft:ancient_city_generic_degradation_small",
        "projection": "rigid",
        "element_type": "minecraft:single_pool_element"
      }
    },
	{
      "weight": 7,
      "element": {
        "location": "minecraft:ancient_city/structures/ancient_city_residence_b_2",
        "processors": "minecraft:ancient_city_generic_degradation_small",
        "projection": "rigid",
        "element_type": "minecraft:single_pool_element"
      }
    },
	{
      "weight": 7,
      "element": {
        "location": "minecraft:ancient_city/structures/ancient_city_shrine_temple_2",
        "processors": "minecraft:ancient_city_generic_degradation_small",
        "projection": "rigid",
        "element_type": "minecraft:single_pool_element"
      }
    },
	{
      "weight": 7,
      "element": {
        "location": "minecraft:ancient_city/structures/ancient_city_silence_temple_2",
        "processors": "minecraft:ancient_city_generic_degradation_small",
        "projection": "rigid",
        "element_type": "minecraft:single_pool_element"
      }
    },
	{
      "weight": 7,
      "element": {
        "location": "minecraft:ancient_city/structures/ancient_city_small_residence_a_2",
        "processors": "minecraft:ancient_city_generic_degradation_small",
        "projection": "rigid",
        "element_type": "minecraft:single_pool_element"
      }
    },
	{
      "weight": 7,
      "element": {
        "location": "minecraft:ancient_city/structures/ancient_city_small_residence_b_2",
        "processors": "minecraft:ancient_city_generic_degradation_small",
        "projection": "rigid",
        "element_type": "minecraft:single_pool_element"
      }
    },
	{
      "weight": 7,
      "element": {
        "location": "minecraft:ancient_city/structures/ancient_city_small_residence_c_2",
        "processors": "minecraft:ancient_city_generic_degradation_small",
        "projection": "rigid",
        "element_type": "minecraft:single_pool_element"
      }
    },
	{
      "weight": 7,
      "element": {
        "location": "minecraft:ancient_city/structures/ancient_city_spiral_temple_2",
        "processors": "minecraft:ancient_city_generic_degradation",
        "projection": "rigid",
        "element_type": "minecraft:single_pool_element"
      }
    },
	{
      "weight": 7,
      "element": {
        "location": "minecraft:ancient_city/structures/ancient_city_temple_copper_bulb_2",
        "processors": "minecraft:ancient_city_generic_degradation",
        "projection": "rigid",
        "element_type": "minecraft:single_pool_element"
      }
    },
	{
      "weight": 7,
      "element": {
        "location": "minecraft:ancient_city/structures/ancient_city_small_pillars_2",
        "processors": "minecraft:ancient_city_generic_degradation",
        "projection": "rigid",
        "element_type": "minecraft:single_pool_element"
      }
    },
	{
      "weight": 3,
      "element": {
        "location": "minecraft:ancient_city/structures/ancient_city_baracks_temple_3",
        "processors": "minecraft:ancient_city_generic_degradation",
        "projection": "rigid",
        "element_type": "minecraft:single_pool_element"
      }
    },
	{
      "weight": 3,
      "element": {
        "location": "minecraft:ancient_city/structures/ancient_city_bathhouse_3",
        "processors": "minecraft:ancient_city_generic_degradation",
        "projection": "rigid",
        "element_type": "minecraft:single_pool_element"
      }
    },
	{
      "weight": 3,
      "element": {
        "location": "minecraft:ancient_city/structures/ancient_city_house_3",
        "processors": "minecraft:ancient_city_generic_degradation",
        "projection": "rigid",
        "element_type": "minecraft:single_pool_element"
      }
    },
	{
      "weight": 3,
      "element": {
        "location": "minecraft:ancient_city/structures/ancient_city_residence_a_3",
        "processors": "minecraft:ancient_city_generic_degradation_small",
        "projection": "rigid",
        "element_type": "minecraft:single_pool_element"
      }
    },
	{
      "weight": 3,
      "element": {
        "location": "minecraft:ancient_city/structures/ancient_city_residence_b_3",
        "processors": "minecraft:ancient_city_generic_degradation_small",
        "projection": "rigid",
        "element_type": "minecraft:single_pool_element"
      }
    },
	{
      "weight": 3,
      "element": {
        "location": "minecraft:ancient_city/structures/ancient_city_shrine_temple_3",
        "processors": "minecraft:ancient_city_generic_degradation",
        "projection": "rigid",
        "element_type": "minecraft:single_pool_element"
      }
    },
	{
      "weight": 3,
      "element": {
        "location": "minecraft:ancient_city/structures/ancient_city_silence_temple_3",
        "processors": "minecraft:ancient_city_generic_degradation",
        "projection": "rigid",
        "element_type": "minecraft:single_pool_element"
      }
    },
	{
      "weight": 3,
      "element": {
        "location": "minecraft:ancient_city/structures/ancient_city_small_residence_a_3",
        "processors": "minecraft:ancient_city_generic_degradation_small",
        "projection": "rigid",
        "element_type": "minecraft:single_pool_element"
      }
    },
	{
      "weight": 3,
      "element": {
        "location": "minecraft:ancient_city/structures/ancient_city_small_residence_b_3",
        "processors": "minecraft:ancient_city_generic_degradation_small",
        "projection": "rigid",
        "element_type": "minecraft:single_pool_element"
      }
    },
	{
      "weight": 3,
      "element": {
        "location": "minecraft:ancient_city/structures/ancient_city_small_residence_c_3",
        "processors": "minecraft:ancient_city_generic_degradation_small",
        "projection": "rigid",
        "element_type": "minecraft:single_pool_element"
      }
    },
	{
      "weight": 3,
      "element": {
        "location": "minecraft:ancient_city/structures/ancient_city_spiral_temple_3",
        "processors": "minecraft:ancient_city_generic_degradation_small",
        "projection": "rigid",
        "element_type": "minecraft:single_pool_element"
      }
    },
	{
      "weight": 3,
      "element": {
        "location": "minecraft:ancient_city/structures/ancient_city_temple_copper_bulb_3",
        "processors": "minecraft:ancient_city_generic_degradation",
        "projection": "rigid",
        "element_type": "minecraft:single_pool_element"
      }
    },
	{
      "weight": 3,
      "element": {
        "location": "minecraft:ancient_city/structures/ancient_city_small_pillars_3",
        "processors": "minecraft:ancient_city_generic_degradation",
        "projection": "rigid",
        "element_type": "minecraft:single_pool_element"
      }
    },
	{
      "weight": 7,
      "element": {
        "location": "minecraft:ancient_city/structures/barracks_1",
        "processors": "minecraft:ancient_city_generic_degradation_small",
        "projection": "rigid",
        "element_type": "minecraft:single_pool_element"
      }
    },
	{
      "weight": 7,
      "element": {
        "location": "minecraft:ancient_city/structures/barracks_2",
        "processors": "minecraft:ancient_city_generic_degradation_small",
        "projection": "rigid",
        "element_type": "minecraft:single_pool_element"
      }
    },
	{
      "weight": 7,
      "element": {
        "location": "minecraft:ancient_city/structures/barracks_3",
        "processors": "minecraft:ancient_city_generic_degradation_small",
        "projection": "rigid",
        "element_type": "minecraft:single_pool_element"
      }
    },
	{
      "weight": 6,
      "element": {
        "location": "minecraft:ancient_city/structures/camp_1",
        "processors": "minecraft:ancient_city_generic_degradation",
        "projection": "rigid",
        "element_type": "minecraft:single_pool_element"
      }
    },
	{
      "weight": 6,
      "element": {
        "location": "minecraft:ancient_city/structures/camp_2",
        "processors": "minecraft:ancient_city_generic_degradation",
        "projection": "rigid",
        "element_type": "minecraft:single_pool_element"
      }
    },
	{
      "weight": 6,
      "element": {
        "location": "minecraft:ancient_city/structures/camp_3",
        "processors": "minecraft:ancient_city_generic_degradation",
        "projection": "rigid",
        "element_type": "minecraft:single_pool_element"
      }
    },
	{
      "weight": 6,
      "element": {
        "location": "minecraft:ancient_city/structures/ice_box_1",
        "processors": "minecraft:ancient_city_generic_degradation_small",
        "projection": "rigid",
        "element_type": "minecraft:single_pool_element"
      }
    },
	{
      "weight": 6,
      "element": {
        "location": "minecraft:ancient_city/structures/ice_box_2",
        "processors": "minecraft:ancient_city_generic_degradation_small",
        "projection": "rigid",
        "element_type": "minecraft:single_pool_element"
      }
    },
	{
      "weight": 6,
      "element": {
        "location": "minecraft:ancient_city/structures/chamber_1",
        "processors": "minecraft:ancient_city_generic_degradation_small",
        "projection": "rigid",
        "element_type": "minecraft:single_pool_element"
      }
    },
	{
      "weight": 6,
      "element": {
        "location": "minecraft:ancient_city/structures/chamber_2",
        "processors": "minecraft:ancient_city_generic_degradation_small",
        "projection": "rigid",
        "element_type": "minecraft:single_pool_element"
      }
    },
	{
      "weight": 6,
      "element": {
        "location": "minecraft:ancient_city/structures/chamber_3",
        "processors": "minecraft:ancient_city_generic_degradation_small",
        "projection": "rigid",
        "element_type": "minecraft:single_pool_element"
      }
    },
	{
      "weight": 8,
      "element": {
        "location": "minecraft:ancient_city/structures/large_pillar",
        "processors": "minecraft:ancient_city_generic_degradation_small",
        "projection": "rigid",
        "element_type": "minecraft:single_pool_element"
      }
    },
	{
      "weight": 8,
      "element": {
        "location": "minecraft:ancient_city/structures/medium_pillar",
        "processors": "minecraft:ancient_city_generic_degradation_small",
        "projection": "rigid",
        "element_type": "minecraft:single_pool_element"
      }
    },
	{
      "weight": 8,
      "element": {
        "location": "minecraft:ancient_city/structures/medium_statue",
        "processors": "minecraft:ancient_city_generic_degradation_small",
        "projection": "rigid",
        "element_type": "minecraft:single_pool_element"
      }
    },
	{
      "weight": 8,
      "element": {
        "location": "minecraft:ancient_city/structures/small_statue",
        "processors": "minecraft:ancient_city_generic_degradation_small",
        "projection": "rigid",
        "element_type": "minecraft:single_pool_element"
      }
    },
	{
      "weight": 8,
      "element": {
        "location": "minecraft:ancient_city/structures/sauna_1",
        "processors": "minecraft:ancient_city_generic_degradation",
        "projection": "rigid",
        "element_type": "minecraft:single_pool_element"
      }
    },
	{
      "weight": 4,
      "element": {
        "location": "minecraft:ancient_city/structures/sauna_2",
        "processors": "minecraft:ancient_city_generic_degradation_small",
        "projection": "rigid",
        "element_type": "minecraft:single_pool_element"
      }
    },
	{
      "weight": 4,
      "element": {
        "location": "minecraft:ancient_city/structures/sauna_3",
        "processors": "minecraft:ancient_city_generic_degradation_small",
        "projection": "rigid",
        "element_type": "minecraft:single_pool_element"
      }
    },
	{
      "weight": 4,
      "element": {
        "location": "minecraft:ancient_city/structures/sauna_4",
        "processors": "minecraft:ancient_city_generic_degradation_small",
        "projection": "rigid",
        "element_type": "minecraft:single_pool_element"
      }
    },
	{
      "weight": 4,
      "element": {
        "location": "minecraft:ancient_city/structures/sauna_5",
        "processors": "minecraft:ancient_city_generic_degradation_small",
        "projection": "rigid",
        "element_type": "minecraft:single_pool_element"
      }
    },
	{
      "weight": 5,
      "element": {
        "location": "minecraft:ancient_city/structures/ritual_room_1",
        "processors": "minecraft:ancient_city_generic_degradation",
        "projection": "rigid",
        "element_type": "minecraft:single_pool_element"
      }
    },
	{
      "weight": 5,
      "element": {
        "location": "minecraft:ancient_city/structures/ritual_room_2",
        "processors": "minecraft:ancient_city_generic_degradation",
        "projection": "rigid",
        "element_type": "minecraft:single_pool_element"
      }
    },
	{
      "weight": 5,
      "element": {
        "location": "minecraft:ancient_city/structures/ritual_room_3",
        "processors": "minecraft:ancient_city_generic_degradation",
        "projection": "rigid",
        "element_type": "minecraft:single_pool_element"
      }
    },
	{
      "weight": 5,
      "element": {
        "location": "minecraft:ancient_city/structures/ritual_room_4",
        "processors": "minecraft:ancient_city_generic_degradation",
        "projection": "rigid",
        "element_type": "minecraft:single_pool_element"
      }
    },
	{
      "weight": 5,
      "element": {
        "location": "minecraft:ancient_city/structures/ritual_room_5",
        "processors": "minecraft:ancient_city_generic_degradation",
        "projection": "rigid",
        "element_type": "minecraft:single_pool_element"
      }
    },
	{
      "weight": 2,
      "element": {
        "location": "minecraft:ancient_city/structures/tall_medium_ruin_1",
        "processors": "minecraft:ancient_city_generic_degradation_small",
        "projection": "rigid",
        "element_type": "minecraft:single_pool_element"
      }
    },
	{
      "weight": 3,
      "element": {
        "location": "minecraft:ancient_city/structures/tall_medium_ruin_1b",
        "processors": "minecraft:ancient_city_generic_degradation_small",
        "projection": "rigid",
        "element_type": "minecraft:single_pool_element"
      }
    },
	{
      "weight": 1,
      "element": {
        "location": "minecraft:ancient_city/structures/tall_medium_ruin_1c",
        "processors": "minecraft:ancient_city_generic_degradation_small",
        "projection": "rigid",
        "element_type": "minecraft:single_pool_element"
      }
    },
	{
      "weight": 2,
      "element": {
        "location": "minecraft:ancient_city/structures/tall_medium_ruin_2",
        "processors": "minecraft:ancient_city_generic_degradation_small",
        "projection": "rigid",
        "element_type": "minecraft:single_pool_element"
      }
    },
	{
      "weight": 3,
      "element": {
        "location": "minecraft:ancient_city/structures/tall_medium_ruin_2b",
        "processors": "minecraft:ancient_city_generic_degradation_small",
        "projection": "rigid",
        "element_type": "minecraft:single_pool_element"
      }
    },
	{
      "weight": 1,
      "element": {
        "location": "minecraft:ancient_city/structures/tall_medium_ruin_2c",
        "processors": "minecraft:ancient_city_generic_degradation_small",
        "projection": "rigid",
        "element_type": "minecraft:single_pool_element"
      }
    },
	{
      "weight": 5,
      "element": {
        "location": "minecraft:ancient_city/structures/tall_ruin_1",
        "processors": "minecraft:ancient_city_generic_degradation",
        "projection": "rigid",
        "element_type": "minecraft:single_pool_element"
      }
    },
	{
      "weight": 5,
      "element": {
        "location": "minecraft:ancient_city/structures/tall_ruin_2",
        "processors": "minecraft:ancient_city_generic_degradation",
        "projection": "rigid",
        "element_type": "minecraft:single_pool_element"
      }
    },
	{
      "weight": 5,
      "element": {
        "location": "minecraft:ancient_city/structures/tall_ruin_3",
        "processors": "minecraft:ancient_city_generic_degradation",
        "projection": "rigid",
        "element_type": "minecraft:single_pool_element"
      }
    },
	{
      "weight": 5,
      "element": {
        "location": "minecraft:ancient_city/structures/tall_ruin_4",
        "processors": "minecraft:ancient_city_generic_degradation",
        "projection": "rigid",
        "element_type": "minecraft:single_pool_element"
      }
    },
	{
      "weight": 5,
      "element": {
        "location": "minecraft:ancient_city/structures/tall_ruin_5",
        "processors": "minecraft:ancient_city_generic_degradation",
        "projection": "rigid",
        "element_type": "minecraft:single_pool_element"
      }
    },
	{
      "weight": 5,
      "element": {
        "location": "minecraft:ancient_city/structures/tall_ruin_6",
        "processors": "minecraft:ancient_city_generic_degradation",
        "projection": "rigid",
        "element_type": "minecraft:single_pool_element"
      }
    },
	{
      "weight": 1,
      "element": {
        "location": "minecraft:ancient_city/structures/lighthouse_pillar1",
        "processors": "minecraft:ancient_city_generic_degradation",
        "projection": "rigid",
        "element_type": "minecraft:single_pool_element"
      }
    },
	{
      "weight": 1,
      "element": {
        "location": "minecraft:ancient_city/structures/lighthouse_pillar2",
        "processors": "minecraft:ancient_city_generic_degradation",
        "projection": "rigid",
        "element_type": "minecraft:single_pool_element"
      }
    },
	{
      "weight": 1,
      "element": {
        "location": "minecraft:ancient_city/structures/lighthouse_pillar3",
        "processors": "minecraft:ancient_city_generic_degradation",
        "projection": "rigid",
        "element_type": "minecraft:single_pool_element"
      }
    },
	{
      "element": {
        "element_type": "minecraft:empty_pool_element"
      },
      "weight": 15
    }
  ]
}