{
  "type": "minecraft:chest",
  "pools": [
    {
      "rolls": 1,
      "entries": [
        {
          "type": "minecraft:item",
          "name": "minecraft:emerald",
          "functions": [
            {
              "function": "minecraft:set_count",
              "count": {
                "min": 5,
                "max": 12
              },
              "conditions": [
                {
                  "condition": "minecraft:entity_properties",
                  "entity": "this",
                  "predicate": {
                    "type": "minecraft:villager",
                    "nbt": "{Tags:[\"dnt_librarian_desert\"]}"
                  }
                }
              ]
            },
            {
              "function": "minecraft:set_count",
              "count": {
                "min": 13,
                "max": 24
              },
              "conditions": [
                {
                  "condition": "minecraft:entity_properties",
                  "entity": "this",
                  "predicate": {
                    "type": "minecraft:villager",
                    "nbt": "{Tags:[\"dnt_librarian_swamp\"]}"
                  }
                }
              ]
            },
            {
              "function": "minecraft:set_count",
              "count": {
                "min": 25,
                "max": 36
              },
              "conditions": [
                {
                  "condition": "minecraft:entity_properties",
                  "entity": "this",
                  "predicate": {
                    "type": "minecraft:villager",
                    "nbt": "{Tags:[\"dnt_librarian_jungle\"]}"
                  }
                }
              ]
            },
            {
              "function": "minecraft:set_count",
              "count": {
                "min": 37,
                "max": 48
              },
              "conditions": [
                {
                  "condition": "minecraft:entity_properties",
                  "entity": "this",
                  "predicate": {
                    "type": "minecraft:villager",
                    "nbt": "{Tags:[\"dnt_librarian_snowy\"]}"
                  }
                }
              ]
            },
            {
              "function": "minecraft:set_count",
              "count": {
                "min": 49,
                "max": 64
              },
              "conditions": [
                {
                  "condition": "minecraft:entity_properties",
                  "entity": "this",
                  "predicate": {
                    "type": "minecraft:villager",
                    "nbt": "{Tags:[\"dnt_librarian_illager\"]}"
                  }
                }
              ]
            },
            {
              "function": "minecraft:set_count",
              "count": {
                "min": 12,
                "max": 14
              },
              "conditions": [
                {
                  "condition": "minecraft:entity_properties",
                  "entity": "this",
                  "predicate": {
                    "type": "minecraft:villager",
                    "nbt": "{Tags:[\"dnt_quest_trader\"]}"
                  }
                }
              ]
            }
          ]
        }
      ]
    }
  ]
}
