{
  "processors": [
    {
      "processor_type": "minecraft:rule",
      "rules": [
        {
          "input_predicate": {
            "block": "minecraft:smooth_red_sandstone",
            "predicate_type": "minecraft:random_block_match",
            "probability": 0.15
          },
          "location_predicate": {
            "predicate_type": "minecraft:always_true"
          },
          "output_state": {
            "Name": "minecraft:red_sandstone"
          }
        },
		{
          "input_predicate": {
            "block": "minecraft:cut_red_sandstone",
            "predicate_type": "minecraft:random_block_match",
            "probability": 0.15
          },
          "location_predicate": {
            "predicate_type": "minecraft:always_true"
          },
          "output_state": {
            "Name": "minecraft:red_sandstone"
          }
        },
		{
          "input_predicate": {
            "block": "minecraft:chiseled_red_sandstone",
            "predicate_type": "minecraft:random_block_match",
            "probability": 0.15
          },
          "location_predicate": {
            "predicate_type": "minecraft:always_true"
          },
          "output_state": {
            "Name": "minecraft:red_sandstone"
          }
        },
		{
          "input_predicate": {
            "block": "minecraft:smooth_sandstone",
            "predicate_type": "minecraft:random_block_match",
            "probability": 0.15
          },
          "location_predicate": {
            "predicate_type": "minecraft:always_true"
          },
          "output_state": {
            "Name": "minecraft:sandstone"
          }
        },
		{
          "input_predicate": {
            "block": "minecraft:cut_sandstone",
            "predicate_type": "minecraft:random_block_match",
            "probability": 0.15
          },
          "location_predicate": {
            "predicate_type": "minecraft:always_true"
          },
          "output_state": {
            "Name": "minecraft:sandstone"
          }
        },
		{
          "input_predicate": {
            "block": "minecraft:sand",
            "predicate_type": "minecraft:random_block_match",
            "probability": 0.07
          },
          "location_predicate": {
            "predicate_type": "minecraft:always_true"
          },
          "output_state": {
            "Name": "minecraft:air"
          }
        },
		{
          "input_predicate": {
            "block": "minecraft:chiseled_sandstone",
            "predicate_type": "minecraft:random_block_match",
            "probability": 0.15
          },
          "location_predicate": {
            "predicate_type": "minecraft:always_true"
          },
          "output_state": {
            "Name": "minecraft:sandstone"
          }
        },
		{
          "input_predicate": {
            "block": "minecraft:barrel",
            "predicate_type": "minecraft:random_block_match",
            "probability": 0.50
          },
          "location_predicate": {
            "predicate_type": "minecraft:always_true"
          },
          "output_state": {
            "Name": "minecraft:sand"
          }
        }
      ]
    },
    {
      "delegate": {
        "processor_type": "minecraft:rule",
        "rules": [
          {
            "block_entity_modifier": {
              "type": "minecraft:append_loot",
              "loot_table": "minecraft:archaeology/desert_pyramid"
            },
            "input_predicate": {
              "predicate_type": "minecraft:block_match",
              "block": "minecraft:sand"
            },
            "location_predicate": {
              "predicate_type": "minecraft:always_true"
            },
            "output_state": {
              "Name": "minecraft:suspicious_sand",
              "Properties": {
                "dusted": "0"
              }
            }
          }
        ]
      },
      "limit": 56,
      "processor_type": "minecraft:capped"
    },
	{
      "delegate": {
        "processor_type": "minecraft:rule",
        "rules": [
          {
            "block_entity_modifier": {
              "type": "minecraft:append_loot",
              "loot_table": "nova_structures:archaelogy/desert_ruin_inside_temple"
            },
            "input_predicate": {
              "predicate_type": "minecraft:block_match",
              "block": "minecraft:sand"
            },
            "location_predicate": {
              "predicate_type": "minecraft:always_true"
            },
            "output_state": {
              "Name": "minecraft:suspicious_sand",
              "Properties": {
                "dusted": "0"
              }
            }
          }
        ]
      },
      "limit": 900,
      "processor_type": "minecraft:capped"
    },
    {
      "delegate": {
        "processor_type": "minecraft:rule",
        "rules": [
          {
            "block_entity_modifier": {
              "type": "minecraft:append_loot",
              "loot_table": "nova_structures:archaelogy/desert_ruin_outreach"
            },
            "input_predicate": {
              "predicate_type": "minecraft:block_match",
              "block": "minecraft:sand"
            },
            "location_predicate": {
              "predicate_type": "minecraft:always_true"
            },
            "output_state": {
              "Name": "minecraft:suspicious_sand",
              "Properties": {
                "dusted": "0"
              }
            }
          }
        ]
      },
      "limit": 1,
      "processor_type": "minecraft:capped"
    }
  ]
}