{
  "type": "minecraft:archaeology",
  "pools": [
    {
      "bonus_rolls": 0.0,
      "entries": [
        {
          "type": "minecraft:item",
          "name": "minecraft:archer_pottery_sherd",
          "weight": 5
        },
        {
          "type": "minecraft:item",
          "name": "minecraft:skull_pottery_sherd",
          "weight": 5
        },
        {
          "type": "minecraft:item",
          "name": "minecraft:danger_pottery_sherd",
          "weight": 5
        },
        {
          "type": "minecraft:item",
          "name": "minecraft:prize_pottery_sherd",
          "weight": 5
        },
        {
          "type": "minecraft:item",
          "name": "minecraft:friend_pottery_sherd",
          "weight": 5		  
        },
        {
          "type": "minecraft:item",
          "name": "minecraft:explorer_pottery_sherd",
          "weight": 5
        },
        {
          "type": "minecraft:item",
          "name": "minecraft:plenty_pottery_sherd",
          "weight": 5
        },
        {
          "type": "minecraft:item",
          "name": "minecraft:heart_pottery_sherd",
          "weight": 5
        },
        {
          "type": "minecraft:item",
          "name": "minecraft:heartbreak_pottery_sherd",
          "weight": 5
        },
        {
          "type": "minecraft:item",
          "name": "minecraft:diamond",
          "weight": 5
        },
        {
          "type": "minecraft:item",
          "functions": [
            {
              "function": "minecraft:enchant_randomly",
              "options": "#nova_structures:outreach"
            }
          ],
          "name": "minecraft:book",
          "weight": 5
        },
        {
          "type": "minecraft:item",
          "name": "minecraft:tnt",
          "weight": 5
        },
        {
          "type": "minecraft:item",
          "name": "minecraft:gunpowder",
          "weight": 30
        },
        {
          "type": "minecraft:item",
          "name": "minecraft:emerald",
          "weight": 15
        },
        {
          "type": "minecraft:item",
          "name": "minecraft:gold_nugget",
          "weight": 20
        },
        {
          "type": "minecraft:item",
          "name": "minecraft:iron_nugget",
          "weight": 20
        },
        {
          "type": "minecraft:item",
          "name": "minecraft:lapis_lazuli",
          "weight": 10
        },
        {
          "type": "minecraft:item",
          "name": "minecraft:honeycomb",
          "weight": 10
        },
        {
          "type": "minecraft:item",
          "functions": [
            {
              "options": "minecraft:efficiency",
              "function": "minecraft:enchant_randomly"
            }
          ],
          "name": "minecraft:book",
          "weight": 7
        },
        {
          "type": "minecraft:item",
          "name": "minecraft:music_disc_relic",
          "weight": 5
        },
        {
          "type": "minecraft:item",
          "name": "minecraft:creeper_head",
          "weight": 2
        },
        {
          "type": "minecraft:item",
          "name": "minecraft:dune_armor_trim_smithing_template"
        },
        {
          "type": "minecraft:item",
          "name": "minecraft:redstone",
          "weight": 20
        },
        {
          "type": "minecraft:item",
          "name": "minecraft:copper_ingot",
          "weight": 20
        },
        {
          "type": "minecraft:item",
          "name": "minecraft:bone",
          "weight": 20
        },
        {
          "type": "minecraft:item",
          "name": "minecraft:experience_bottle",
          "weight": 10
        }
      ],
      "rolls": 1.0
    }
  ],
  "functions": [
    {
      "function": "minecraft:reference",
      "name": "nova_structures:loot_modifier"
    }
  ]
}